title,permalink,body,published_at,filter,categories,tags,jenis,brand,description,image,image1,image2,image3,image4,image5,product,price,hargadropship,minimalprice,sku,kondisi
Jual Sepatu Formil Pria - DF 006 Murah,df-006,"
     <div class=""product-details""><!--product-details-->
      <div class=""col-sm-5"">
       <div class=""view-product"">
        <img src=""{{ page.image }}"" alt=""{{ page.product }}"" title=""{{ page.product }}"" />
        <h3><a style=""text-decoration: none; color: #ffffff"" href=""{{ page.image }}"" target=""_blank"" title=""Klik disini untuk memperbesar"">ZOOM</a></h3>
       </div>
      </div>

      <div class=""col-sm-7"">
       <div class=""product-information""><!--/product-information-->
        <h1>{{ page.product }}</h1>
        <p>SKU: {{ page.sku }}</p>
        <img src=""{{ site.url }}/img/rating.png"" alt=""rating"" title=""rating"" /><br>
        <span>
         <span>{{ page.price }}</span>        
         <label>Beli:<a href=""{{ site.url }}/beli"" target=""_blank"" title=""Beli Sekarang"">
           <script type=""text/javascript"">
   <!--
   document.write(unescape('%3c%62%75%74%74%6f%6e%20%74%79%70%65%3d%22%62%75%74%74%6f%6e%22%20%63%6c%61%73%73%3d%22%62%74%6e%20%62%74%6e%2d%66%65%66%61%75%6c%74%20%63%61%72%74%22%3e%0d%0a%09%3c%69%20%63%6c%61%73%73%3d%22%66%61%20%66%61%2d%73%68%6f%70%70%69%6e%67%2d%63%61%72%74%22%3e%3c%2f%69%3e%0d%0a%09%42%65%6c%69%20%53%65%6b%61%72%61%6e%67%0d%0a%3c%2f%62%75%74%74%6f%6e%3e'));
   //-->
   </script>
          </a>
         </label>
        </span>
        {% include dropship-login.html %} 
        <p><b>Kondisi:</b> {{ page.kondisi }}</p>
        <p><b>Deskripsi:</b> {{ page.description }}</p>
        {% include shareit.html %}
       </div><!--/product-information-->
      </div>
     </div><!--/product-details-->
     
     <div class=""category-tab shop-details-tab""><!--category-tab-->
      <div class=""col-sm-12"">
       <ul class=""nav nav-tabs"">
        <li class=""active""><a href=""{{ site.url }}{{ page.url }}#keterangan"" data-toggle=""tab"" title=""Keterangan"">Keterangan</a></li>        
       </ul>
      </div>
      <div class=""tab-content"">
       <div class=""tab-pane fade active in"" id=""keterangan"" >
        <div class=""col-sm-12"">
         <h2>{{ page.product }}</h2>         
         <ol class=""breadcrumb"">
            <li class=""active"">Tag :</li>
            <li><a href=""{{ site.url }}/{{ page.jenis }}"" title=""{{ page.jenis }}"">{{ page.jenis }}</a></li>
            <li><a href=""{{ site.url }}/{{ page.brand }}"" title=""{{ page.brand }}"">{{ page.brand }}</a></li>  
         </ol>         
         <p>Sepatu Formil Pria - DF 006 adalah salah satu produk merek Catenzo. Produk fashion handmade asal Bandung yang nyaman digunakan dan tidak pasaran. Cocok untuk Anda agar terlihat lebih gaya, tampil berbeda dan percaya diri. <br/>Kode : DF 006<br/>Warna : HITAM<br/>Bahan : KULIT<br/>Ukuran : 38 ~ 43<br/>Berat : 1300 gram<br/>Info Lainnya = SOL : FIBER<br/>Yuk dibeli kak sebelum kehabisan. Sebelum membeli, harap cek/konfirmasi stok dulu ya kak, karena perputaran barang sangat cepat.<br>
         </p>

         <p style=""background-color: #5cb85c; color: #ffffff; padding: 5px; text-align: justify; display: inline-block; box-shadow: 0 1px 3px rgba(0,0,0,0.12), 0 1px 2px rgba(0,0,0,0.24);"">
         Gudang : WRH-1<br>
         Lokasi : Bandung</p>

         {% include disqus.html %}
         
        </div>
       </div>       
       
      </div>
     </div><!--/category-tab-->",2019-01-16,html,sepatu-pantofel-pria,catenzo,sepatu-pantofel-pria,catenzo,"Sepatu Pantofel Pria Bahan KULIT, Warna HITAM, Size 38 ~ 43",https://images.lipatan.com/katalog-catenzo-2019/foto-produk-satuan/df-006.jpg,-/-,-/-,-/-,-/-,-/-,Sepatu Formil Pria - DF 006,Rp 360.900,Rp 296.900,Rp 326.900,DF 006,Baru
Jual Sepatu Formil Pria - DF 071 Murah,df-071,"
     <div class=""product-details""><!--product-details-->
      <div class=""col-sm-5"">
       <div class=""view-product"">
        <img src=""{{ page.image }}"" alt=""{{ page.product }}"" title=""{{ page.product }}"" />
        <h3><a style=""text-decoration: none; color: #ffffff"" href=""{{ page.image }}"" target=""_blank"" title=""Klik disini untuk memperbesar"">ZOOM</a></h3>
       </div>
      </div>

      <div class=""col-sm-7"">
       <div class=""product-information""><!--/product-information-->
        <h1>{{ page.product }}</h1>
        <p>SKU: {{ page.sku }}</p>
        <img src=""{{ site.url }}/img/rating.png"" alt=""rating"" title=""rating"" /><br>
        <span>
         <span>{{ page.price }}</span>        
         <label>Beli:<a href=""{{ site.url }}/beli"" target=""_blank"" title=""Beli Sekarang"">
           <script type=""text/javascript"">
   <!--
   document.write(unescape('%3c%62%75%74%74%6f%6e%20%74%79%70%65%3d%22%62%75%74%74%6f%6e%22%20%63%6c%61%73%73%3d%22%62%74%6e%20%62%74%6e%2d%66%65%66%61%75%6c%74%20%63%61%72%74%22%3e%0d%0a%09%3c%69%20%63%6c%61%73%73%3d%22%66%61%20%66%61%2d%73%68%6f%70%70%69%6e%67%2d%63%61%72%74%22%3e%3c%2f%69%3e%0d%0a%09%42%65%6c%69%20%53%65%6b%61%72%61%6e%67%0d%0a%3c%2f%62%75%74%74%6f%6e%3e'));
   //-->
   </script>
          </a>
         </label>
        </span>
        {% include dropship-login.html %} 
        <p><b>Kondisi:</b> {{ page.kondisi }}</p>
        <p><b>Deskripsi:</b> {{ page.description }}</p>
        {% include shareit.html %}
       </div><!--/product-information-->
      </div>
     </div><!--/product-details-->
     
     <div class=""category-tab shop-details-tab""><!--category-tab-->
      <div class=""col-sm-12"">
       <ul class=""nav nav-tabs"">
        <li class=""active""><a href=""{{ site.url }}{{ page.url }}#keterangan"" data-toggle=""tab"" title=""Keterangan"">Keterangan</a></li>        
       </ul>
      </div>
      <div class=""tab-content"">
       <div class=""tab-pane fade active in"" id=""keterangan"" >
        <div class=""col-sm-12"">
         <h2>{{ page.product }}</h2>         
         <ol class=""breadcrumb"">
            <li class=""active"">Tag :</li>
            <li><a href=""{{ site.url }}/{{ page.jenis }}"" title=""{{ page.jenis }}"">{{ page.jenis }}</a></li>
            <li><a href=""{{ site.url }}/{{ page.brand }}"" title=""{{ page.brand }}"">{{ page.brand }}</a></li>  
         </ol>         
         <p>Sepatu Formil Pria - DF 071 adalah salah satu produk merek Catenzo. Produk fashion handmade asal Bandung yang nyaman digunakan dan tidak pasaran. Cocok untuk Anda agar terlihat lebih gaya, tampil berbeda dan percaya diri. <br/>Kode : DF 071<br/>Warna : HITAM<br/>Bahan : KULIT<br/>Ukuran : 38 ~ 43<br/>Berat : 1200 gram<br/>Info Lainnya = SOL : FIBER<br/>Yuk dibeli kak sebelum kehabisan. Sebelum membeli, harap cek/konfirmasi stok dulu ya kak, karena perputaran barang sangat cepat.<br>
         </p>

         <p style=""background-color: #5cb85c; color: #ffffff; padding: 5px; text-align: justify; display: inline-block; box-shadow: 0 1px 3px rgba(0,0,0,0.12), 0 1px 2px rgba(0,0,0,0.24);"">
         Gudang : WRH-1<br>
         Lokasi : Bandung</p>

         {% include disqus.html %}
         
        </div>
       </div>       
       
      </div>
     </div><!--/category-tab-->",2019-01-16,html,sepatu-pantofel-pria,catenzo,sepatu-pantofel-pria,catenzo,"Sepatu Pantofel Pria Bahan KULIT, Warna HITAM, Size 38 ~ 43",https://images.lipatan.com/katalog-catenzo-2019/foto-produk-satuan/df-071.jpg,-/-,-/-,-/-,-/-,-/-,Sepatu Formil Pria - DF 071,Rp 369.900,Rp 304.900,Rp 334.900,DF 071,Baru
Jual Sepatu Formil Pria - OH 016 Murah,oh-016,"
     <div class=""product-details""><!--product-details-->
      <div class=""col-sm-5"">
       <div class=""view-product"">
        <img src=""{{ page.image }}"" alt=""{{ page.product }}"" title=""{{ page.product }}"" />
        <h3><a style=""text-decoration: none; color: #ffffff"" href=""{{ page.image }}"" target=""_blank"" title=""Klik disini untuk memperbesar"">ZOOM</a></h3>
       </div>
      </div>

      <div class=""col-sm-7"">
       <div class=""product-information""><!--/product-information-->
        <h1>{{ page.product }}</h1>
        <p>SKU: {{ page.sku }}</p>
        <img src=""{{ site.url }}/img/rating.png"" alt=""rating"" title=""rating"" /><br>
        <span>
         <span>{{ page.price }}</span>        
         <label>Beli:<a href=""{{ site.url }}/beli"" target=""_blank"" title=""Beli Sekarang"">
           <script type=""text/javascript"">
   <!--
   document.write(unescape('%3c%62%75%74%74%6f%6e%20%74%79%70%65%3d%22%62%75%74%74%6f%6e%22%20%63%6c%61%73%73%3d%22%62%74%6e%20%62%74%6e%2d%66%65%66%61%75%6c%74%20%63%61%72%74%22%3e%0d%0a%09%3c%69%20%63%6c%61%73%73%3d%22%66%61%20%66%61%2d%73%68%6f%70%70%69%6e%67%2d%63%61%72%74%22%3e%3c%2f%69%3e%0d%0a%09%42%65%6c%69%20%53%65%6b%61%72%61%6e%67%0d%0a%3c%2f%62%75%74%74%6f%6e%3e'));
   //-->
   </script>
          </a>
         </label>
        </span>
        {% include dropship-login.html %} 
        <p><b>Kondisi:</b> {{ page.kondisi }}</p>
        <p><b>Deskripsi:</b> {{ page.description }}</p>
        {% include shareit.html %}
       </div><!--/product-information-->
      </div>
     </div><!--/product-details-->
     
     <div class=""category-tab shop-details-tab""><!--category-tab-->
      <div class=""col-sm-12"">
       <ul class=""nav nav-tabs"">
        <li class=""active""><a href=""{{ site.url }}{{ page.url }}#keterangan"" data-toggle=""tab"" title=""Keterangan"">Keterangan</a></li>        
       </ul>
      </div>
      <div class=""tab-content"">
       <div class=""tab-pane fade active in"" id=""keterangan"" >
        <div class=""col-sm-12"">
         <h2>{{ page.product }}</h2>         
         <ol class=""breadcrumb"">
            <li class=""active"">Tag :</li>
            <li><a href=""{{ site.url }}/{{ page.jenis }}"" title=""{{ page.jenis }}"">{{ page.jenis }}</a></li>
            <li><a href=""{{ site.url }}/{{ page.brand }}"" title=""{{ page.brand }}"">{{ page.brand }}</a></li>  
         </ol>         
         <p>Sepatu Formil Pria - OH 016 adalah salah satu produk merek Catenzo. Produk fashion handmade asal Bandung yang nyaman digunakan dan tidak pasaran. Cocok untuk Anda agar terlihat lebih gaya, tampil berbeda dan percaya diri. <br/>Kode : OH 016<br/>Warna : HITAM<br/>Bahan : KULIT<br/>Ukuran : 38 ~ 43<br/>Berat : 1200 gram<br/>Info Lainnya = SOL : TPR<br/>Yuk dibeli kak sebelum kehabisan. Sebelum membeli, harap cek/konfirmasi stok dulu ya kak, karena perputaran barang sangat cepat.<br>
         </p>

         <p style=""background-color: #5cb85c; color: #ffffff; padding: 5px; text-align: justify; display: inline-block; box-shadow: 0 1px 3px rgba(0,0,0,0.12), 0 1px 2px rgba(0,0,0,0.24);"">
         Gudang : WRH-1<br>
         Lokasi : Bandung</p>

         {% include disqus.html %}
         
        </div>
       </div>       
       
      </div>
     </div><!--/category-tab-->",2019-01-16,html,sepatu-pantofel-pria,catenzo,sepatu-pantofel-pria,catenzo,"Sepatu Pantofel Pria Bahan KULIT, Warna HITAM, Size 38 ~ 43",https://images.lipatan.com/katalog-catenzo-2019/foto-produk-satuan/oh-016.jpg,-/-,-/-,-/-,-/-,-/-,Sepatu Formil Pria - OH 016,Rp 249.900,Rp 204.900,Rp 225.900,OH 016,Baru
Jual Sepatu Formil Pria - BN 116 Murah,bn-116,"
     <div class=""product-details""><!--product-details-->
      <div class=""col-sm-5"">
       <div class=""view-product"">
        <img src=""{{ page.image }}"" alt=""{{ page.product }}"" title=""{{ page.product }}"" />
        <h3><a style=""text-decoration: none; color: #ffffff"" href=""{{ page.image }}"" target=""_blank"" title=""Klik disini untuk memperbesar"">ZOOM</a></h3>
       </div>
      </div>

      <div class=""col-sm-7"">
       <div class=""product-information""><!--/product-information-->
        <h1>{{ page.product }}</h1>
        <p>SKU: {{ page.sku }}</p>
        <img src=""{{ site.url }}/img/rating.png"" alt=""rating"" title=""rating"" /><br>
        <span>
         <span>{{ page.price }}</span>        
         <label>Beli:<a href=""{{ site.url }}/beli"" target=""_blank"" title=""Beli Sekarang"">
           <script type=""text/javascript"">
   <!--
   document.write(unescape('%3c%62%75%74%74%6f%6e%20%74%79%70%65%3d%22%62%75%74%74%6f%6e%22%20%63%6c%61%73%73%3d%22%62%74%6e%20%62%74%6e%2d%66%65%66%61%75%6c%74%20%63%61%72%74%22%3e%0d%0a%09%3c%69%20%63%6c%61%73%73%3d%22%66%61%20%66%61%2d%73%68%6f%70%70%69%6e%67%2d%63%61%72%74%22%3e%3c%2f%69%3e%0d%0a%09%42%65%6c%69%20%53%65%6b%61%72%61%6e%67%0d%0a%3c%2f%62%75%74%74%6f%6e%3e'));
   //-->
   </script>
          </a>
         </label>
        </span>
        {% include dropship-login.html %} 
        <p><b>Kondisi:</b> {{ page.kondisi }}</p>
        <p><b>Deskripsi:</b> {{ page.description }}</p>
        {% include shareit.html %}
       </div><!--/product-information-->
      </div>
     </div><!--/product-details-->
     
     <div class=""category-tab shop-details-tab""><!--category-tab-->
      <div class=""col-sm-12"">
       <ul class=""nav nav-tabs"">
        <li class=""active""><a href=""{{ site.url }}{{ page.url }}#keterangan"" data-toggle=""tab"" title=""Keterangan"">Keterangan</a></li>        
       </ul>
      </div>
      <div class=""tab-content"">
       <div class=""tab-pane fade active in"" id=""keterangan"" >
        <div class=""col-sm-12"">
         <h2>{{ page.product }}</h2>         
         <ol class=""breadcrumb"">
            <li class=""active"">Tag :</li>
            <li><a href=""{{ site.url }}/{{ page.jenis }}"" title=""{{ page.jenis }}"">{{ page.jenis }}</a></li>
            <li><a href=""{{ site.url }}/{{ page.brand }}"" title=""{{ page.brand }}"">{{ page.brand }}</a></li>  
         </ol>         
         <p>Sepatu Formil Pria - BN 116 adalah salah satu produk merek Catenzo. Produk fashion handmade asal Bandung yang nyaman digunakan dan tidak pasaran. Cocok untuk Anda agar terlihat lebih gaya, tampil berbeda dan percaya diri. <br/>Kode : BN 116<br/>Warna : HITAM<br/>Bahan : KULIT<br/>Ukuran : 38 ~ 43<br/>Berat : 1200 gram<br/>Info Lainnya = SOL : TPR<br/>Yuk dibeli kak sebelum kehabisan. Sebelum membeli, harap cek/konfirmasi stok dulu ya kak, karena perputaran barang sangat cepat.<br>
         </p>

         <p style=""background-color: #5cb85c; color: #ffffff; padding: 5px; text-align: justify; display: inline-block; box-shadow: 0 1px 3px rgba(0,0,0,0.12), 0 1px 2px rgba(0,0,0,0.24);"">
         Gudang : WRH-1<br>
         Lokasi : Bandung</p>

         {% include disqus.html %}
         
        </div>
       </div>       
       
      </div>
     </div><!--/category-tab-->",2019-01-16,html,sepatu-pantofel-pria,catenzo,sepatu-pantofel-pria,catenzo,"Sepatu Pantofel Pria Bahan KULIT, Warna HITAM, Size 38 ~ 43",https://images.lipatan.com/katalog-catenzo-2019/foto-produk-satuan/bn-116.jpg,-/-,-/-,-/-,-/-,-/-,Sepatu Formil Pria - BN 116,Rp 253.900,Rp 208.900,Rp 229.900,BN 116,Baru
Jual Sepatu Formil Pria - BN 117 Murah,bn-117,"
     <div class=""product-details""><!--product-details-->
      <div class=""col-sm-5"">
       <div class=""view-product"">
        <img src=""{{ page.image }}"" alt=""{{ page.product }}"" title=""{{ page.product }}"" />
        <h3><a style=""text-decoration: none; color: #ffffff"" href=""{{ page.image }}"" target=""_blank"" title=""Klik disini untuk memperbesar"">ZOOM</a></h3>
       </div>
      </div>

      <div class=""col-sm-7"">
       <div class=""product-information""><!--/product-information-->
        <h1>{{ page.product }}</h1>
        <p>SKU: {{ page.sku }}</p>
        <img src=""{{ site.url }}/img/rating.png"" alt=""rating"" title=""rating"" /><br>
        <span>
         <span>{{ page.price }}</span>        
         <label>Beli:<a href=""{{ site.url }}/beli"" target=""_blank"" title=""Beli Sekarang"">
           <script type=""text/javascript"">
   <!--
   document.write(unescape('%3c%62%75%74%74%6f%6e%20%74%79%70%65%3d%22%62%75%74%74%6f%6e%22%20%63%6c%61%73%73%3d%22%62%74%6e%20%62%74%6e%2d%66%65%66%61%75%6c%74%20%63%61%72%74%22%3e%0d%0a%09%3c%69%20%63%6c%61%73%73%3d%22%66%61%20%66%61%2d%73%68%6f%70%70%69%6e%67%2d%63%61%72%74%22%3e%3c%2f%69%3e%0d%0a%09%42%65%6c%69%20%53%65%6b%61%72%61%6e%67%0d%0a%3c%2f%62%75%74%74%6f%6e%3e'));
   //-->
   </script>
          </a>
         </label>
        </span>
        {% include dropship-login.html %} 
        <p><b>Kondisi:</b> {{ page.kondisi }}</p>
        <p><b>Deskripsi:</b> {{ page.description }}</p>
        {% include shareit.html %}
       </div><!--/product-information-->
      </div>
     </div><!--/product-details-->
     
     <div class=""category-tab shop-details-tab""><!--category-tab-->
      <div class=""col-sm-12"">
       <ul class=""nav nav-tabs"">
        <li class=""active""><a href=""{{ site.url }}{{ page.url }}#keterangan"" data-toggle=""tab"" title=""Keterangan"">Keterangan</a></li>        
       </ul>
      </div>
      <div class=""tab-content"">
       <div class=""tab-pane fade active in"" id=""keterangan"" >
        <div class=""col-sm-12"">
         <h2>{{ page.product }}</h2>         
         <ol class=""breadcrumb"">
            <li class=""active"">Tag :</li>
            <li><a href=""{{ site.url }}/{{ page.jenis }}"" title=""{{ page.jenis }}"">{{ page.jenis }}</a></li>
            <li><a href=""{{ site.url }}/{{ page.brand }}"" title=""{{ page.brand }}"">{{ page.brand }}</a></li>  
         </ol>         
         <p>Sepatu Formil Pria - BN 117 adalah salah satu produk merek Catenzo. Produk fashion handmade asal Bandung yang nyaman digunakan dan tidak pasaran. Cocok untuk Anda agar terlihat lebih gaya, tampil berbeda dan percaya diri. <br/>Kode : BN 117<br/>Warna : HITAM<br/>Bahan : KULIT<br/>Ukuran : 38 ~ 43<br/>Berat : 1200 gram<br/>Info Lainnya = SOL : TPR<br/>Yuk dibeli kak sebelum kehabisan. Sebelum membeli, harap cek/konfirmasi stok dulu ya kak, karena perputaran barang sangat cepat.<br>
         </p>

         <p style=""background-color: #5cb85c; color: #ffffff; padding: 5px; text-align: justify; display: inline-block; box-shadow: 0 1px 3px rgba(0,0,0,0.12), 0 1px 2px rgba(0,0,0,0.24);"">
         Gudang : WRH-1<br>
         Lokasi : Bandung</p>

         {% include disqus.html %}
         
        </div>
       </div>       
       
      </div>
     </div><!--/category-tab-->",2019-01-16,html,sepatu-pantofel-pria,catenzo,sepatu-pantofel-pria,catenzo,"Sepatu Pantofel Pria Bahan KULIT, Warna HITAM, Size 38 ~ 43",https://images.lipatan.com/katalog-catenzo-2019/foto-produk-satuan/bn-117.jpg,-/-,-/-,-/-,-/-,-/-,Sepatu Formil Pria - BN 117,Rp 253.900,Rp 208.900,Rp 229.900,BN 117,Baru
Jual Sepatu Formil Pria - OH 008 Murah,oh-008,"
     <div class=""product-details""><!--product-details-->
      <div class=""col-sm-5"">
       <div class=""view-product"">
        <img src=""{{ page.image }}"" alt=""{{ page.product }}"" title=""{{ page.product }}"" />
        <h3><a style=""text-decoration: none; color: #ffffff"" href=""{{ page.image }}"" target=""_blank"" title=""Klik disini untuk memperbesar"">ZOOM</a></h3>
       </div>
      </div>

      <div class=""col-sm-7"">
       <div class=""product-information""><!--/product-information-->
        <h1>{{ page.product }}</h1>
        <p>SKU: {{ page.sku }}</p>
        <img src=""{{ site.url }}/img/rating.png"" alt=""rating"" title=""rating"" /><br>
        <span>
         <span>{{ page.price }}</span>        
         <label>Beli:<a href=""{{ site.url }}/beli"" target=""_blank"" title=""Beli Sekarang"">
           <script type=""text/javascript"">
   <!--
   document.write(unescape('%3c%62%75%74%74%6f%6e%20%74%79%70%65%3d%22%62%75%74%74%6f%6e%22%20%63%6c%61%73%73%3d%22%62%74%6e%20%62%74%6e%2d%66%65%66%61%75%6c%74%20%63%61%72%74%22%3e%0d%0a%09%3c%69%20%63%6c%61%73%73%3d%22%66%61%20%66%61%2d%73%68%6f%70%70%69%6e%67%2d%63%61%72%74%22%3e%3c%2f%69%3e%0d%0a%09%42%65%6c%69%20%53%65%6b%61%72%61%6e%67%0d%0a%3c%2f%62%75%74%74%6f%6e%3e'));
   //-->
   </script>
          </a>
         </label>
        </span>
        {% include dropship-login.html %} 
        <p><b>Kondisi:</b> {{ page.kondisi }}</p>
        <p><b>Deskripsi:</b> {{ page.description }}</p>
        {% include shareit.html %}
       </div><!--/product-information-->
      </div>
     </div><!--/product-details-->
     
     <div class=""category-tab shop-details-tab""><!--category-tab-->
      <div class=""col-sm-12"">
       <ul class=""nav nav-tabs"">
        <li class=""active""><a href=""{{ site.url }}{{ page.url }}#keterangan"" data-toggle=""tab"" title=""Keterangan"">Keterangan</a></li>        
       </ul>
      </div>
      <div class=""tab-content"">
       <div class=""tab-pane fade active in"" id=""keterangan"" >
        <div class=""col-sm-12"">
         <h2>{{ page.product }}</h2>         
         <ol class=""breadcrumb"">
            <li class=""active"">Tag :</li>
            <li><a href=""{{ site.url }}/{{ page.jenis }}"" title=""{{ page.jenis }}"">{{ page.jenis }}</a></li>
            <li><a href=""{{ site.url }}/{{ page.brand }}"" title=""{{ page.brand }}"">{{ page.brand }}</a></li>  
         </ol>         
         <p>Sepatu Formil Pria - OH 008 adalah salah satu produk merek Catenzo. Produk fashion handmade asal Bandung yang nyaman digunakan dan tidak pasaran. Cocok untuk Anda agar terlihat lebih gaya, tampil berbeda dan percaya diri. <br/>Kode : OH 008<br/>Warna : HITAM<br/>Bahan : SINTETIS<br/>Ukuran : 39 ~ 43<br/>Berat : 1200 gram<br/>Info Lainnya = SOL : TPR<br/>Yuk dibeli kak sebelum kehabisan. Sebelum membeli, harap cek/konfirmasi stok dulu ya kak, karena perputaran barang sangat cepat.<br>
         </p>

         <p style=""background-color: #5cb85c; color: #ffffff; padding: 5px; text-align: justify; display: inline-block; box-shadow: 0 1px 3px rgba(0,0,0,0.12), 0 1px 2px rgba(0,0,0,0.24);"">
         Gudang : WRH-1<br>
         Lokasi : Bandung</p>

         {% include disqus.html %}
         
        </div>
       </div>       
       
      </div>
     </div><!--/category-tab-->",2019-01-16,html,sepatu-pantofel-pria,catenzo,sepatu-pantofel-pria,catenzo,"Sepatu Pantofel Pria Bahan SINTETIS, Warna HITAM, Size 39 ~ 43",https://images.lipatan.com/katalog-catenzo-2019/foto-produk-satuan/oh-008.jpg,-/-,-/-,-/-,-/-,-/-,Sepatu Formil Pria - OH 008,Rp 172.900,Rp 140.900,Rp 155.900,OH 008,Baru
Jual Sepatu Formil Pria - MR 104 Murah,mr-104,"
     <div class=""product-details""><!--product-details-->
      <div class=""col-sm-5"">
       <div class=""view-product"">
        <img src=""{{ page.image }}"" alt=""{{ page.product }}"" title=""{{ page.product }}"" />
        <h3><a style=""text-decoration: none; color: #ffffff"" href=""{{ page.image }}"" target=""_blank"" title=""Klik disini untuk memperbesar"">ZOOM</a></h3>
       </div>
      </div>

      <div class=""col-sm-7"">
       <div class=""product-information""><!--/product-information-->
        <h1>{{ page.product }}</h1>
        <p>SKU: {{ page.sku }}</p>
        <img src=""{{ site.url }}/img/rating.png"" alt=""rating"" title=""rating"" /><br>
        <span>
         <span>{{ page.price }}</span>        
         <label>Beli:<a href=""{{ site.url }}/beli"" target=""_blank"" title=""Beli Sekarang"">
           <script type=""text/javascript"">
   <!--
   document.write(unescape('%3c%62%75%74%74%6f%6e%20%74%79%70%65%3d%22%62%75%74%74%6f%6e%22%20%63%6c%61%73%73%3d%22%62%74%6e%20%62%74%6e%2d%66%65%66%61%75%6c%74%20%63%61%72%74%22%3e%0d%0a%09%3c%69%20%63%6c%61%73%73%3d%22%66%61%20%66%61%2d%73%68%6f%70%70%69%6e%67%2d%63%61%72%74%22%3e%3c%2f%69%3e%0d%0a%09%42%65%6c%69%20%53%65%6b%61%72%61%6e%67%0d%0a%3c%2f%62%75%74%74%6f%6e%3e'));
   //-->
   </script>
          </a>
         </label>
        </span>
        {% include dropship-login.html %} 
        <p><b>Kondisi:</b> {{ page.kondisi }}</p>
        <p><b>Deskripsi:</b> {{ page.description }}</p>
        {% include shareit.html %}
       </div><!--/product-information-->
      </div>
     </div><!--/product-details-->
     
     <div class=""category-tab shop-details-tab""><!--category-tab-->
      <div class=""col-sm-12"">
       <ul class=""nav nav-tabs"">
        <li class=""active""><a href=""{{ site.url }}{{ page.url }}#keterangan"" data-toggle=""tab"" title=""Keterangan"">Keterangan</a></li>        
       </ul>
      </div>
      <div class=""tab-content"">
       <div class=""tab-pane fade active in"" id=""keterangan"" >
        <div class=""col-sm-12"">
         <h2>{{ page.product }}</h2>         
         <ol class=""breadcrumb"">
            <li class=""active"">Tag :</li>
            <li><a href=""{{ site.url }}/{{ page.jenis }}"" title=""{{ page.jenis }}"">{{ page.jenis }}</a></li>
            <li><a href=""{{ site.url }}/{{ page.brand }}"" title=""{{ page.brand }}"">{{ page.brand }}</a></li>  
         </ol>         
         <p>Sepatu Formil Pria - MR 104 adalah salah satu produk merek Catenzo. Produk fashion handmade asal Bandung yang nyaman digunakan dan tidak pasaran. Cocok untuk Anda agar terlihat lebih gaya, tampil berbeda dan percaya diri. <br/>Kode : MR 104<br/>Warna : HITAM<br/>Bahan : KULIT<br/>Ukuran : 38 ~ 43<br/>Berat : 1100 gram<br/>Info Lainnya = SOL : TPR<br/>Yuk dibeli kak sebelum kehabisan. Sebelum membeli, harap cek/konfirmasi stok dulu ya kak, karena perputaran barang sangat cepat.<br>
         </p>

         <p style=""background-color: #5cb85c; color: #ffffff; padding: 5px; text-align: justify; display: inline-block; box-shadow: 0 1px 3px rgba(0,0,0,0.12), 0 1px 2px rgba(0,0,0,0.24);"">
         Gudang : WRH-1<br>
         Lokasi : Bandung</p>

         {% include disqus.html %}
         
        </div>
       </div>       
       
      </div>
     </div><!--/category-tab-->",2019-01-16,html,sepatu-pantofel-pria,catenzo,sepatu-pantofel-pria,catenzo,"Sepatu Pantofel Pria Bahan KULIT, Warna HITAM, Size 38 ~ 43",https://images.lipatan.com/katalog-catenzo-2019/foto-produk-satuan/mr-104.jpg,-/-,-/-,-/-,-/-,-/-,Sepatu Formil Pria - MR 104,Rp 272.900,Rp 224.900,Rp 246.900,MR 104,Baru
Jual Sepatu Formil Pria - BN 107 Murah,bn-107,"
     <div class=""product-details""><!--product-details-->
      <div class=""col-sm-5"">
       <div class=""view-product"">
        <img src=""{{ page.image }}"" alt=""{{ page.product }}"" title=""{{ page.product }}"" />
        <h3><a style=""text-decoration: none; color: #ffffff"" href=""{{ page.image }}"" target=""_blank"" title=""Klik disini untuk memperbesar"">ZOOM</a></h3>
       </div>
      </div>

      <div class=""col-sm-7"">
       <div class=""product-information""><!--/product-information-->
        <h1>{{ page.product }}</h1>
        <p>SKU: {{ page.sku }}</p>
        <img src=""{{ site.url }}/img/rating.png"" alt=""rating"" title=""rating"" /><br>
        <span>
         <span>{{ page.price }}</span>        
         <label>Beli:<a href=""{{ site.url }}/beli"" target=""_blank"" title=""Beli Sekarang"">
           <script type=""text/javascript"">
   <!--
   document.write(unescape('%3c%62%75%74%74%6f%6e%20%74%79%70%65%3d%22%62%75%74%74%6f%6e%22%20%63%6c%61%73%73%3d%22%62%74%6e%20%62%74%6e%2d%66%65%66%61%75%6c%74%20%63%61%72%74%22%3e%0d%0a%09%3c%69%20%63%6c%61%73%73%3d%22%66%61%20%66%61%2d%73%68%6f%70%70%69%6e%67%2d%63%61%72%74%22%3e%3c%2f%69%3e%0d%0a%09%42%65%6c%69%20%53%65%6b%61%72%61%6e%67%0d%0a%3c%2f%62%75%74%74%6f%6e%3e'));
   //-->
   </script>
          </a>
         </label>
        </span>
        {% include dropship-login.html %} 
        <p><b>Kondisi:</b> {{ page.kondisi }}</p>
        <p><b>Deskripsi:</b> {{ page.description }}</p>
        {% include shareit.html %}
       </div><!--/product-information-->
      </div>
     </div><!--/product-details-->
     
     <div class=""category-tab shop-details-tab""><!--category-tab-->
      <div class=""col-sm-12"">
       <ul class=""nav nav-tabs"">
        <li class=""active""><a href=""{{ site.url }}{{ page.url }}#keterangan"" data-toggle=""tab"" title=""Keterangan"">Keterangan</a></li>        
       </ul>
      </div>
      <div class=""tab-content"">
       <div class=""tab-pane fade active in"" id=""keterangan"" >
        <div class=""col-sm-12"">
         <h2>{{ page.product }}</h2>         
         <ol class=""breadcrumb"">
            <li class=""active"">Tag :</li>
            <li><a href=""{{ site.url }}/{{ page.jenis }}"" title=""{{ page.jenis }}"">{{ page.jenis }}</a></li>
            <li><a href=""{{ site.url }}/{{ page.brand }}"" title=""{{ page.brand }}"">{{ page.brand }}</a></li>  
         </ol>         
         <p>Sepatu Formil Pria - BN 107 adalah salah satu produk merek Catenzo. Produk fashion handmade asal Bandung yang nyaman digunakan dan tidak pasaran. Cocok untuk Anda agar terlihat lebih gaya, tampil berbeda dan percaya diri. <br/>Kode : BN 107<br/>Warna : HITAM<br/>Bahan : KULIT<br/>Ukuran : 38 ~ 43<br/>Berat : 1100 gram<br/>Info Lainnya = SOL : TPR<br/>Yuk dibeli kak sebelum kehabisan. Sebelum membeli, harap cek/konfirmasi stok dulu ya kak, karena perputaran barang sangat cepat.<br>
         </p>

         <p style=""background-color: #5cb85c; color: #ffffff; padding: 5px; text-align: justify; display: inline-block; box-shadow: 0 1px 3px rgba(0,0,0,0.12), 0 1px 2px rgba(0,0,0,0.24);"">
         Gudang : WRH-1<br>
         Lokasi : Bandung</p>

         {% include disqus.html %}
         
        </div>
       </div>       
       
      </div>
     </div><!--/category-tab-->",2019-01-16,html,sepatu-pantofel-pria,catenzo,sepatu-pantofel-pria,catenzo,"Sepatu Pantofel Pria Bahan KULIT, Warna HITAM, Size 38 ~ 43",https://images.lipatan.com/katalog-catenzo-2019/foto-produk-satuan/bn-107.jpg,-/-,-/-,-/-,-/-,-/-,Sepatu Formil Pria - BN 107,Rp 253.900,Rp 208.900,Rp 229.900,BN 107,Baru
Jual Sepatu Formil Pria - MP 093 Murah,mp-093,"
     <div class=""product-details""><!--product-details-->
      <div class=""col-sm-5"">
       <div class=""view-product"">
        <img src=""{{ page.image }}"" alt=""{{ page.product }}"" title=""{{ page.product }}"" />
        <h3><a style=""text-decoration: none; color: #ffffff"" href=""{{ page.image }}"" target=""_blank"" title=""Klik disini untuk memperbesar"">ZOOM</a></h3>
       </div>
      </div>

      <div class=""col-sm-7"">
       <div class=""product-information""><!--/product-information-->
        <h1>{{ page.product }}</h1>
        <p>SKU: {{ page.sku }}</p>
        <img src=""{{ site.url }}/img/rating.png"" alt=""rating"" title=""rating"" /><br>
        <span>
         <span>{{ page.price }}</span>        
         <label>Beli:<a href=""{{ site.url }}/beli"" target=""_blank"" title=""Beli Sekarang"">
           <script type=""text/javascript"">
   <!--
   document.write(unescape('%3c%62%75%74%74%6f%6e%20%74%79%70%65%3d%22%62%75%74%74%6f%6e%22%20%63%6c%61%73%73%3d%22%62%74%6e%20%62%74%6e%2d%66%65%66%61%75%6c%74%20%63%61%72%74%22%3e%0d%0a%09%3c%69%20%63%6c%61%73%73%3d%22%66%61%20%66%61%2d%73%68%6f%70%70%69%6e%67%2d%63%61%72%74%22%3e%3c%2f%69%3e%0d%0a%09%42%65%6c%69%20%53%65%6b%61%72%61%6e%67%0d%0a%3c%2f%62%75%74%74%6f%6e%3e'));
   //-->
   </script>
          </a>
         </label>
        </span>
        {% include dropship-login.html %} 
        <p><b>Kondisi:</b> {{ page.kondisi }}</p>
        <p><b>Deskripsi:</b> {{ page.description }}</p>
        {% include shareit.html %}
       </div><!--/product-information-->
      </div>
     </div><!--/product-details-->
     
     <div class=""category-tab shop-details-tab""><!--category-tab-->
      <div class=""col-sm-12"">
       <ul class=""nav nav-tabs"">
        <li class=""active""><a href=""{{ site.url }}{{ page.url }}#keterangan"" data-toggle=""tab"" title=""Keterangan"">Keterangan</a></li>        
       </ul>
      </div>
      <div class=""tab-content"">
       <div class=""tab-pane fade active in"" id=""keterangan"" >
        <div class=""col-sm-12"">
         <h2>{{ page.product }}</h2>         
         <ol class=""breadcrumb"">
            <li class=""active"">Tag :</li>
            <li><a href=""{{ site.url }}/{{ page.jenis }}"" title=""{{ page.jenis }}"">{{ page.jenis }}</a></li>
            <li><a href=""{{ site.url }}/{{ page.brand }}"" title=""{{ page.brand }}"">{{ page.brand }}</a></li>  
         </ol>         
         <p>Sepatu Formil Pria - MP 093 adalah salah satu produk merek Catenzo. Produk fashion handmade asal Bandung yang nyaman digunakan dan tidak pasaran. Cocok untuk Anda agar terlihat lebih gaya, tampil berbeda dan percaya diri. <br/>Kode : MP 093<br/>Warna : HITAM<br/>Bahan : KULIT<br/>Ukuran : 38 ~ 43<br/>Berat : 1100 gram<br/>Info Lainnya = SOL : TPR<br/>Yuk dibeli kak sebelum kehabisan. Sebelum membeli, harap cek/konfirmasi stok dulu ya kak, karena perputaran barang sangat cepat.<br>
         </p>

         <p style=""background-color: #5cb85c; color: #ffffff; padding: 5px; text-align: justify; display: inline-block; box-shadow: 0 1px 3px rgba(0,0,0,0.12), 0 1px 2px rgba(0,0,0,0.24);"">
         Gudang : WRH-1<br>
         Lokasi : Bandung</p>

         {% include disqus.html %}
         
        </div>
       </div>       
       
      </div>
     </div><!--/category-tab-->",2019-01-16,html,sepatu-pantofel-pria,catenzo,sepatu-pantofel-pria,catenzo,"Sepatu Pantofel Pria Bahan KULIT, Warna HITAM, Size 38 ~ 43",https://images.lipatan.com/katalog-catenzo-2019/foto-produk-satuan/mp-093.jpg,-/-,-/-,-/-,-/-,-/-,Sepatu Formil Pria - MP 093,Rp 264.900,Rp 217.900,Rp 239.900,MP 093,Baru
Jual Sepatu Formil Pria - MP 091 Murah,mp-091,"
     <div class=""product-details""><!--product-details-->
      <div class=""col-sm-5"">
       <div class=""view-product"">
        <img src=""{{ page.image }}"" alt=""{{ page.product }}"" title=""{{ page.product }}"" />
        <h3><a style=""text-decoration: none; color: #ffffff"" href=""{{ page.image }}"" target=""_blank"" title=""Klik disini untuk memperbesar"">ZOOM</a></h3>
       </div>
      </div>

      <div class=""col-sm-7"">
       <div class=""product-information""><!--/product-information-->
        <h1>{{ page.product }}</h1>
        <p>SKU: {{ page.sku }}</p>
        <img src=""{{ site.url }}/img/rating.png"" alt=""rating"" title=""rating"" /><br>
        <span>
         <span>{{ page.price }}</span>        
         <label>Beli:<a href=""{{ site.url }}/beli"" target=""_blank"" title=""Beli Sekarang"">
           <script type=""text/javascript"">
   <!--
   document.write(unescape('%3c%62%75%74%74%6f%6e%20%74%79%70%65%3d%22%62%75%74%74%6f%6e%22%20%63%6c%61%73%73%3d%22%62%74%6e%20%62%74%6e%2d%66%65%66%61%75%6c%74%20%63%61%72%74%22%3e%0d%0a%09%3c%69%20%63%6c%61%73%73%3d%22%66%61%20%66%61%2d%73%68%6f%70%70%69%6e%67%2d%63%61%72%74%22%3e%3c%2f%69%3e%0d%0a%09%42%65%6c%69%20%53%65%6b%61%72%61%6e%67%0d%0a%3c%2f%62%75%74%74%6f%6e%3e'));
   //-->
   </script>
          </a>
         </label>
        </span>
        {% include dropship-login.html %} 
        <p><b>Kondisi:</b> {{ page.kondisi }}</p>
        <p><b>Deskripsi:</b> {{ page.description }}</p>
        {% include shareit.html %}
       </div><!--/product-information-->
      </div>
     </div><!--/product-details-->
     
     <div class=""category-tab shop-details-tab""><!--category-tab-->
      <div class=""col-sm-12"">
       <ul class=""nav nav-tabs"">
        <li class=""active""><a href=""{{ site.url }}{{ page.url }}#keterangan"" data-toggle=""tab"" title=""Keterangan"">Keterangan</a></li>        
       </ul>
      </div>
      <div class=""tab-content"">
       <div class=""tab-pane fade active in"" id=""keterangan"" >
        <div class=""col-sm-12"">
         <h2>{{ page.product }}</h2>         
         <ol class=""breadcrumb"">
            <li class=""active"">Tag :</li>
            <li><a href=""{{ site.url }}/{{ page.jenis }}"" title=""{{ page.jenis }}"">{{ page.jenis }}</a></li>
            <li><a href=""{{ site.url }}/{{ page.brand }}"" title=""{{ page.brand }}"">{{ page.brand }}</a></li>  
         </ol>         
         <p>Sepatu Formil Pria - MP 091 adalah salah satu produk merek Catenzo. Produk fashion handmade asal Bandung yang nyaman digunakan dan tidak pasaran. Cocok untuk Anda agar terlihat lebih gaya, tampil berbeda dan percaya diri. <br/>Kode : MP 091<br/>Warna : HITAM<br/>Bahan : KULIT<br/>Ukuran : 38 ~ 43<br/>Berat : 1200 gram<br/>Info Lainnya = SOL : TPR<br/>Yuk dibeli kak sebelum kehabisan. Sebelum membeli, harap cek/konfirmasi stok dulu ya kak, karena perputaran barang sangat cepat.<br>
         </p>

         <p style=""background-color: #5cb85c; color: #ffffff; padding: 5px; text-align: justify; display: inline-block; box-shadow: 0 1px 3px rgba(0,0,0,0.12), 0 1px 2px rgba(0,0,0,0.24);"">
         Gudang : WRH-1<br>
         Lokasi : Bandung</p>

         {% include disqus.html %}
         
        </div>
       </div>       
       
      </div>
     </div><!--/category-tab-->",2019-01-16,html,sepatu-pantofel-pria,catenzo,sepatu-pantofel-pria,catenzo,"Sepatu Pantofel Pria Bahan KULIT, Warna HITAM, Size 38 ~ 43",https://images.lipatan.com/katalog-catenzo-2019/foto-produk-satuan/mp-091.jpg,-/-,-/-,-/-,-/-,-/-,Sepatu Formil Pria - MP 091,Rp 284.900,Rp 233.900,Rp 257.900,MP 091,Baru
Jual Sepatu Formil Pria - MP 124 Murah,mp-124,"
     <div class=""product-details""><!--product-details-->
      <div class=""col-sm-5"">
       <div class=""view-product"">
        <img src=""{{ page.image }}"" alt=""{{ page.product }}"" title=""{{ page.product }}"" />
        <h3><a style=""text-decoration: none; color: #ffffff"" href=""{{ page.image }}"" target=""_blank"" title=""Klik disini untuk memperbesar"">ZOOM</a></h3>
       </div>
      </div>

      <div class=""col-sm-7"">
       <div class=""product-information""><!--/product-information-->
        <h1>{{ page.product }}</h1>
        <p>SKU: {{ page.sku }}</p>
        <img src=""{{ site.url }}/img/rating.png"" alt=""rating"" title=""rating"" /><br>
        <span>
         <span>{{ page.price }}</span>        
         <label>Beli:<a href=""{{ site.url }}/beli"" target=""_blank"" title=""Beli Sekarang"">
           <script type=""text/javascript"">
   <!--
   document.write(unescape('%3c%62%75%74%74%6f%6e%20%74%79%70%65%3d%22%62%75%74%74%6f%6e%22%20%63%6c%61%73%73%3d%22%62%74%6e%20%62%74%6e%2d%66%65%66%61%75%6c%74%20%63%61%72%74%22%3e%0d%0a%09%3c%69%20%63%6c%61%73%73%3d%22%66%61%20%66%61%2d%73%68%6f%70%70%69%6e%67%2d%63%61%72%74%22%3e%3c%2f%69%3e%0d%0a%09%42%65%6c%69%20%53%65%6b%61%72%61%6e%67%0d%0a%3c%2f%62%75%74%74%6f%6e%3e'));
   //-->
   </script>
          </a>
         </label>
        </span>
        {% include dropship-login.html %} 
        <p><b>Kondisi:</b> {{ page.kondisi }}</p>
        <p><b>Deskripsi:</b> {{ page.description }}</p>
        {% include shareit.html %}
       </div><!--/product-information-->
      </div>
     </div><!--/product-details-->
     
     <div class=""category-tab shop-details-tab""><!--category-tab-->
      <div class=""col-sm-12"">
       <ul class=""nav nav-tabs"">
        <li class=""active""><a href=""{{ site.url }}{{ page.url }}#keterangan"" data-toggle=""tab"" title=""Keterangan"">Keterangan</a></li>        
       </ul>
      </div>
      <div class=""tab-content"">
       <div class=""tab-pane fade active in"" id=""keterangan"" >
        <div class=""col-sm-12"">
         <h2>{{ page.product }}</h2>         
         <ol class=""breadcrumb"">
            <li class=""active"">Tag :</li>
            <li><a href=""{{ site.url }}/{{ page.jenis }}"" title=""{{ page.jenis }}"">{{ page.jenis }}</a></li>
            <li><a href=""{{ site.url }}/{{ page.brand }}"" title=""{{ page.brand }}"">{{ page.brand }}</a></li>  
         </ol>         
         <p>Sepatu Formil Pria - MP 124 adalah salah satu produk merek Catenzo. Produk fashion handmade asal Bandung yang nyaman digunakan dan tidak pasaran. Cocok untuk Anda agar terlihat lebih gaya, tampil berbeda dan percaya diri. <br/>Kode : MP 124<br/>Warna : HITAM<br/>Bahan : KULIT<br/>Ukuran : 38 ~ 43<br/>Berat : 1000 gram<br/>Info Lainnya = SOL : TPR<br/>Yuk dibeli kak sebelum kehabisan. Sebelum membeli, harap cek/konfirmasi stok dulu ya kak, karena perputaran barang sangat cepat.<br>
         </p>

         <p style=""background-color: #5cb85c; color: #ffffff; padding: 5px; text-align: justify; display: inline-block; box-shadow: 0 1px 3px rgba(0,0,0,0.12), 0 1px 2px rgba(0,0,0,0.24);"">
         Gudang : WRH-1<br>
         Lokasi : Bandung</p>

         {% include disqus.html %}
         
        </div>
       </div>       
       
      </div>
     </div><!--/category-tab-->",2019-01-16,html,sepatu-pantofel-pria,catenzo,sepatu-pantofel-pria,catenzo,"Sepatu Pantofel Pria Bahan KULIT, Warna HITAM, Size 38 ~ 43",https://images.lipatan.com/katalog-catenzo-2019/foto-produk-satuan/mp-124.jpg,-/-,-/-,-/-,-/-,-/-,Sepatu Formil Pria - MP 124,Rp 259.900,Rp 212.900,Rp 234.900,MP 124,Baru
Jual Sepatu Formil Pria - RI 095 Murah,ri-095,"
     <div class=""product-details""><!--product-details-->
      <div class=""col-sm-5"">
       <div class=""view-product"">
        <img src=""{{ page.image }}"" alt=""{{ page.product }}"" title=""{{ page.product }}"" />
        <h3><a style=""text-decoration: none; color: #ffffff"" href=""{{ page.image }}"" target=""_blank"" title=""Klik disini untuk memperbesar"">ZOOM</a></h3>
       </div>
      </div>

      <div class=""col-sm-7"">
       <div class=""product-information""><!--/product-information-->
        <h1>{{ page.product }}</h1>
        <p>SKU: {{ page.sku }}</p>
        <img src=""{{ site.url }}/img/rating.png"" alt=""rating"" title=""rating"" /><br>
        <span>
         <span>{{ page.price }}</span>        
         <label>Beli:<a href=""{{ site.url }}/beli"" target=""_blank"" title=""Beli Sekarang"">
           <script type=""text/javascript"">
   <!--
   document.write(unescape('%3c%62%75%74%74%6f%6e%20%74%79%70%65%3d%22%62%75%74%74%6f%6e%22%20%63%6c%61%73%73%3d%22%62%74%6e%20%62%74%6e%2d%66%65%66%61%75%6c%74%20%63%61%72%74%22%3e%0d%0a%09%3c%69%20%63%6c%61%73%73%3d%22%66%61%20%66%61%2d%73%68%6f%70%70%69%6e%67%2d%63%61%72%74%22%3e%3c%2f%69%3e%0d%0a%09%42%65%6c%69%20%53%65%6b%61%72%61%6e%67%0d%0a%3c%2f%62%75%74%74%6f%6e%3e'));
   //-->
   </script>
          </a>
         </label>
        </span>
        {% include dropship-login.html %} 
        <p><b>Kondisi:</b> {{ page.kondisi }}</p>
        <p><b>Deskripsi:</b> {{ page.description }}</p>
        {% include shareit.html %}
       </div><!--/product-information-->
      </div>
     </div><!--/product-details-->
     
     <div class=""category-tab shop-details-tab""><!--category-tab-->
      <div class=""col-sm-12"">
       <ul class=""nav nav-tabs"">
        <li class=""active""><a href=""{{ site.url }}{{ page.url }}#keterangan"" data-toggle=""tab"" title=""Keterangan"">Keterangan</a></li>        
       </ul>
      </div>
      <div class=""tab-content"">
       <div class=""tab-pane fade active in"" id=""keterangan"" >
        <div class=""col-sm-12"">
         <h2>{{ page.product }}</h2>         
         <ol class=""breadcrumb"">
            <li class=""active"">Tag :</li>
            <li><a href=""{{ site.url }}/{{ page.jenis }}"" title=""{{ page.jenis }}"">{{ page.jenis }}</a></li>
            <li><a href=""{{ site.url }}/{{ page.brand }}"" title=""{{ page.brand }}"">{{ page.brand }}</a></li>  
         </ol>         
         <p>Sepatu Formil Pria - RI 095 adalah salah satu produk merek Catenzo. Produk fashion handmade asal Bandung yang nyaman digunakan dan tidak pasaran. Cocok untuk Anda agar terlihat lebih gaya, tampil berbeda dan percaya diri. <br/>Kode : RI 095<br/>Warna : HITAM<br/>Bahan : KULIT<br/>Ukuran : 38 ~ 43<br/>Berat : 1500 gram<br/>Info Lainnya = SOL : RUBBER<br/>Yuk dibeli kak sebelum kehabisan. Sebelum membeli, harap cek/konfirmasi stok dulu ya kak, karena perputaran barang sangat cepat.<br>
         </p>

         <p style=""background-color: #5cb85c; color: #ffffff; padding: 5px; text-align: justify; display: inline-block; box-shadow: 0 1px 3px rgba(0,0,0,0.12), 0 1px 2px rgba(0,0,0,0.24);"">
         Gudang : WRH-1<br>
         Lokasi : Bandung</p>

         {% include disqus.html %}
         
        </div>
       </div>       
       
      </div>
     </div><!--/category-tab-->",2019-01-16,html,sepatu-pantofel-pria,catenzo,sepatu-pantofel-pria,catenzo,"Sepatu Pantofel Pria Bahan KULIT, Warna HITAM, Size 38 ~ 43",https://images.lipatan.com/katalog-catenzo-2019/foto-produk-satuan/ri-095.jpg,-/-,-/-,-/-,-/-,-/-,Sepatu Formil Pria - RI 095,Rp 249.900,Rp 204.900,Rp 225.900,RI 095,Baru
Jual Sepatu Formil Pria - BN 118 Murah,bn-118,"
     <div class=""product-details""><!--product-details-->
      <div class=""col-sm-5"">
       <div class=""view-product"">
        <img src=""{{ page.image }}"" alt=""{{ page.product }}"" title=""{{ page.product }}"" />
        <h3><a style=""text-decoration: none; color: #ffffff"" href=""{{ page.image }}"" target=""_blank"" title=""Klik disini untuk memperbesar"">ZOOM</a></h3>
       </div>
      </div>

      <div class=""col-sm-7"">
       <div class=""product-information""><!--/product-information-->
        <h1>{{ page.product }}</h1>
        <p>SKU: {{ page.sku }}</p>
        <img src=""{{ site.url }}/img/rating.png"" alt=""rating"" title=""rating"" /><br>
        <span>
         <span>{{ page.price }}</span>        
         <label>Beli:<a href=""{{ site.url }}/beli"" target=""_blank"" title=""Beli Sekarang"">
           <script type=""text/javascript"">
   <!--
   document.write(unescape('%3c%62%75%74%74%6f%6e%20%74%79%70%65%3d%22%62%75%74%74%6f%6e%22%20%63%6c%61%73%73%3d%22%62%74%6e%20%62%74%6e%2d%66%65%66%61%75%6c%74%20%63%61%72%74%22%3e%0d%0a%09%3c%69%20%63%6c%61%73%73%3d%22%66%61%20%66%61%2d%73%68%6f%70%70%69%6e%67%2d%63%61%72%74%22%3e%3c%2f%69%3e%0d%0a%09%42%65%6c%69%20%53%65%6b%61%72%61%6e%67%0d%0a%3c%2f%62%75%74%74%6f%6e%3e'));
   //-->
   </script>
          </a>
         </label>
        </span>
        {% include dropship-login.html %} 
        <p><b>Kondisi:</b> {{ page.kondisi }}</p>
        <p><b>Deskripsi:</b> {{ page.description }}</p>
        {% include shareit.html %}
       </div><!--/product-information-->
      </div>
     </div><!--/product-details-->
     
     <div class=""category-tab shop-details-tab""><!--category-tab-->
      <div class=""col-sm-12"">
       <ul class=""nav nav-tabs"">
        <li class=""active""><a href=""{{ site.url }}{{ page.url }}#keterangan"" data-toggle=""tab"" title=""Keterangan"">Keterangan</a></li>        
       </ul>
      </div>
      <div class=""tab-content"">
       <div class=""tab-pane fade active in"" id=""keterangan"" >
        <div class=""col-sm-12"">
         <h2>{{ page.product }}</h2>         
         <ol class=""breadcrumb"">
            <li class=""active"">Tag :</li>
            <li><a href=""{{ site.url }}/{{ page.jenis }}"" title=""{{ page.jenis }}"">{{ page.jenis }}</a></li>
            <li><a href=""{{ site.url }}/{{ page.brand }}"" title=""{{ page.brand }}"">{{ page.brand }}</a></li>  
         </ol>         
         <p>Sepatu Formil Pria - BN 118 adalah salah satu produk merek Catenzo. Produk fashion handmade asal Bandung yang nyaman digunakan dan tidak pasaran. Cocok untuk Anda agar terlihat lebih gaya, tampil berbeda dan percaya diri. <br/>Kode : BN 118<br/>Warna : HITAM<br/>Bahan : KULIT<br/>Ukuran : 38 ~ 43<br/>Berat : 1200 gram<br/>Info Lainnya = SOL : TPR <br/>Yuk dibeli kak sebelum kehabisan. Sebelum membeli, harap cek/konfirmasi stok dulu ya kak, karena perputaran barang sangat cepat.<br>
         </p>

         <p style=""background-color: #5cb85c; color: #ffffff; padding: 5px; text-align: justify; display: inline-block; box-shadow: 0 1px 3px rgba(0,0,0,0.12), 0 1px 2px rgba(0,0,0,0.24);"">
         Gudang : WRH-1<br>
         Lokasi : Bandung</p>

         {% include disqus.html %}
         
        </div>
       </div>       
       
      </div>
     </div><!--/category-tab-->",2019-01-16,html,sepatu-pantofel-pria,catenzo,sepatu-pantofel-pria,catenzo,"Sepatu Pantofel Pria Bahan KULIT, Warna HITAM, Size 38 ~ 43",https://images.lipatan.com/katalog-catenzo-2019/foto-produk-satuan/bn-118.jpg,-/-,-/-,-/-,-/-,-/-,Sepatu Formil Pria - BN 118,Rp 302.900,Rp 248.900,Rp 273.900,BN 118,Baru
Jual Sepatu Moccasin Casual Pria - FS 009 Murah,fs-009,"
     <div class=""product-details""><!--product-details-->
      <div class=""col-sm-5"">
       <div class=""view-product"">
        <img src=""{{ page.image }}"" alt=""{{ page.product }}"" title=""{{ page.product }}"" />
        <h3><a style=""text-decoration: none; color: #ffffff"" href=""{{ page.image }}"" target=""_blank"" title=""Klik disini untuk memperbesar"">ZOOM</a></h3>
       </div>
      </div>

      <div class=""col-sm-7"">
       <div class=""product-information""><!--/product-information-->
        <h1>{{ page.product }}</h1>
        <p>SKU: {{ page.sku }}</p>
        <img src=""{{ site.url }}/img/rating.png"" alt=""rating"" title=""rating"" /><br>
        <span>
         <span>{{ page.price }}</span>        
         <label>Beli:<a href=""{{ site.url }}/beli"" target=""_blank"" title=""Beli Sekarang"">
           <script type=""text/javascript"">
   <!--
   document.write(unescape('%3c%62%75%74%74%6f%6e%20%74%79%70%65%3d%22%62%75%74%74%6f%6e%22%20%63%6c%61%73%73%3d%22%62%74%6e%20%62%74%6e%2d%66%65%66%61%75%6c%74%20%63%61%72%74%22%3e%0d%0a%09%3c%69%20%63%6c%61%73%73%3d%22%66%61%20%66%61%2d%73%68%6f%70%70%69%6e%67%2d%63%61%72%74%22%3e%3c%2f%69%3e%0d%0a%09%42%65%6c%69%20%53%65%6b%61%72%61%6e%67%0d%0a%3c%2f%62%75%74%74%6f%6e%3e'));
   //-->
   </script>
          </a>
         </label>
        </span>
        {% include dropship-login.html %} 
        <p><b>Kondisi:</b> {{ page.kondisi }}</p>
        <p><b>Deskripsi:</b> {{ page.description }}</p>
        {% include shareit.html %}
       </div><!--/product-information-->
      </div>
     </div><!--/product-details-->
     
     <div class=""category-tab shop-details-tab""><!--category-tab-->
      <div class=""col-sm-12"">
       <ul class=""nav nav-tabs"">
        <li class=""active""><a href=""{{ site.url }}{{ page.url }}#keterangan"" data-toggle=""tab"" title=""Keterangan"">Keterangan</a></li>        
       </ul>
      </div>
      <div class=""tab-content"">
       <div class=""tab-pane fade active in"" id=""keterangan"" >
        <div class=""col-sm-12"">
         <h2>{{ page.product }}</h2>         
         <ol class=""breadcrumb"">
            <li class=""active"">Tag :</li>
            <li><a href=""{{ site.url }}/{{ page.jenis }}"" title=""{{ page.jenis }}"">{{ page.jenis }}</a></li>
            <li><a href=""{{ site.url }}/{{ page.brand }}"" title=""{{ page.brand }}"">{{ page.brand }}</a></li>  
         </ol>         
         <p>Sepatu Moccasin Casual Pria - FS 009 adalah salah satu produk merek Catenzo. Produk fashion handmade asal Bandung yang nyaman digunakan dan tidak pasaran. Cocok untuk Anda agar terlihat lebih gaya, tampil berbeda dan percaya diri. <br/>Kode : FS 009<br/>Warna : TAN<br/>Bahan : KULIT<br/>Ukuran : 39 ~ 43<br/>Berat : 900 gram<br/>Info Lainnya = SOL : RUBBER<br/>Yuk dibeli kak sebelum kehabisan. Sebelum membeli, harap cek/konfirmasi stok dulu ya kak, karena perputaran barang sangat cepat.<br>
         </p>

         <p style=""background-color: #5cb85c; color: #ffffff; padding: 5px; text-align: justify; display: inline-block; box-shadow: 0 1px 3px rgba(0,0,0,0.12), 0 1px 2px rgba(0,0,0,0.24);"">
         Gudang : WRH-1<br>
         Lokasi : Bandung</p>

         {% include disqus.html %}
         
        </div>
       </div>       
       
      </div>
     </div><!--/category-tab-->",2019-01-16,html,sepatu-pantofel-pria,catenzo,sepatu-pantofel-pria,catenzo,"Sepatu Pantofel Pria Bahan KULIT, Warna TAN, Size 39 ~ 43",https://images.lipatan.com/katalog-catenzo-2019/foto-produk-satuan/fs-009.jpg,-/-,-/-,-/-,-/-,-/-,Sepatu Moccasin Casual Pria - FS 009,Rp 297.900,Rp 244.900,Rp 269.900,FS 009,Baru
Jual Sepatu Formil Pria - RMP 193 Murah,rmp-193,"
     <div class=""product-details""><!--product-details-->
      <div class=""col-sm-5"">
       <div class=""view-product"">
        <img src=""{{ page.image }}"" alt=""{{ page.product }}"" title=""{{ page.product }}"" />
        <h3><a style=""text-decoration: none; color: #ffffff"" href=""{{ page.image }}"" target=""_blank"" title=""Klik disini untuk memperbesar"">ZOOM</a></h3>
       </div>
      </div>

      <div class=""col-sm-7"">
       <div class=""product-information""><!--/product-information-->
        <h1>{{ page.product }}</h1>
        <p>SKU: {{ page.sku }}</p>
        <img src=""{{ site.url }}/img/rating.png"" alt=""rating"" title=""rating"" /><br>
        <span>
         <span>{{ page.price }}</span>        
         <label>Beli:<a href=""{{ site.url }}/beli"" target=""_blank"" title=""Beli Sekarang"">
           <script type=""text/javascript"">
   <!--
   document.write(unescape('%3c%62%75%74%74%6f%6e%20%74%79%70%65%3d%22%62%75%74%74%6f%6e%22%20%63%6c%61%73%73%3d%22%62%74%6e%20%62%74%6e%2d%66%65%66%61%75%6c%74%20%63%61%72%74%22%3e%0d%0a%09%3c%69%20%63%6c%61%73%73%3d%22%66%61%20%66%61%2d%73%68%6f%70%70%69%6e%67%2d%63%61%72%74%22%3e%3c%2f%69%3e%0d%0a%09%42%65%6c%69%20%53%65%6b%61%72%61%6e%67%0d%0a%3c%2f%62%75%74%74%6f%6e%3e'));
   //-->
   </script>
          </a>
         </label>
        </span>
        {% include dropship-login.html %} 
        <p><b>Kondisi:</b> {{ page.kondisi }}</p>
        <p><b>Deskripsi:</b> {{ page.description }}</p>
        {% include shareit.html %}
       </div><!--/product-information-->
      </div>
     </div><!--/product-details-->
     
     <div class=""category-tab shop-details-tab""><!--category-tab-->
      <div class=""col-sm-12"">
       <ul class=""nav nav-tabs"">
        <li class=""active""><a href=""{{ site.url }}{{ page.url }}#keterangan"" data-toggle=""tab"" title=""Keterangan"">Keterangan</a></li>        
       </ul>
      </div>
      <div class=""tab-content"">
       <div class=""tab-pane fade active in"" id=""keterangan"" >
        <div class=""col-sm-12"">
         <h2>{{ page.product }}</h2>         
         <ol class=""breadcrumb"">
            <li class=""active"">Tag :</li>
            <li><a href=""{{ site.url }}/{{ page.jenis }}"" title=""{{ page.jenis }}"">{{ page.jenis }}</a></li>
            <li><a href=""{{ site.url }}/{{ page.brand }}"" title=""{{ page.brand }}"">{{ page.brand }}</a></li>  
         </ol>         
         <p>Sepatu Formil Pria - RMP 193 adalah salah satu produk merek Raindoz. Produk fashion handmade asal Bandung yang nyaman digunakan dan tidak pasaran. Cocok untuk Anda agar terlihat lebih gaya, tampil berbeda dan percaya diri. <br/>Kode : RMP 193<br/>Warna : HITAM<br/>Bahan : KULIT<br/>Ukuran : 38 ~ 43<br/>Berat : 1300 gram<br/>Info Lainnya = SOL : TPR<br/>Yuk dibeli kak sebelum kehabisan. Sebelum membeli, harap cek/konfirmasi stok dulu ya kak, karena perputaran barang sangat cepat.<br>
         </p>

         <p style=""background-color: #5cb85c; color: #ffffff; padding: 5px; text-align: justify; display: inline-block; box-shadow: 0 1px 3px rgba(0,0,0,0.12), 0 1px 2px rgba(0,0,0,0.24);"">
         Gudang : WRH-1<br>
         Lokasi : Bandung</p>

         {% include disqus.html %}
         
        </div>
       </div>       
       
      </div>
     </div><!--/category-tab-->",2019-01-17,html,sepatu-pantofel-pria,raindoz,sepatu-pantofel-pria,raindoz,"Sepatu Pantofel Pria Bahan KULIT, Warna HITAM, Size 38 ~ 43",https://images.lipatan.com/katalog-raindoz-2019/foto-produk-satuan/rmp-193.jpg,-/-,-/-,-/-,-/-,-/-,Sepatu Formil Pria - RMP 193,Rp 286.900,Rp 235.900,Rp 259.900,RMP 193,Baru
Jual Sepatu Formil Pria - RBN 003 Murah,rbn-003,"
     <div class=""product-details""><!--product-details-->
      <div class=""col-sm-5"">
       <div class=""view-product"">
        <img src=""{{ page.image }}"" alt=""{{ page.product }}"" title=""{{ page.product }}"" />
        <h3><a style=""text-decoration: none; color: #ffffff"" href=""{{ page.image }}"" target=""_blank"" title=""Klik disini untuk memperbesar"">ZOOM</a></h3>
       </div>
      </div>

      <div class=""col-sm-7"">
       <div class=""product-information""><!--/product-information-->
        <h1>{{ page.product }}</h1>
        <p>SKU: {{ page.sku }}</p>
        <img src=""{{ site.url }}/img/rating.png"" alt=""rating"" title=""rating"" /><br>
        <span>
         <span>{{ page.price }}</span>        
         <label>Beli:<a href=""{{ site.url }}/beli"" target=""_blank"" title=""Beli Sekarang"">
           <script type=""text/javascript"">
   <!--
   document.write(unescape('%3c%62%75%74%74%6f%6e%20%74%79%70%65%3d%22%62%75%74%74%6f%6e%22%20%63%6c%61%73%73%3d%22%62%74%6e%20%62%74%6e%2d%66%65%66%61%75%6c%74%20%63%61%72%74%22%3e%0d%0a%09%3c%69%20%63%6c%61%73%73%3d%22%66%61%20%66%61%2d%73%68%6f%70%70%69%6e%67%2d%63%61%72%74%22%3e%3c%2f%69%3e%0d%0a%09%42%65%6c%69%20%53%65%6b%61%72%61%6e%67%0d%0a%3c%2f%62%75%74%74%6f%6e%3e'));
   //-->
   </script>
          </a>
         </label>
        </span>
        {% include dropship-login.html %} 
        <p><b>Kondisi:</b> {{ page.kondisi }}</p>
        <p><b>Deskripsi:</b> {{ page.description }}</p>
        {% include shareit.html %}
       </div><!--/product-information-->
      </div>
     </div><!--/product-details-->
     
     <div class=""category-tab shop-details-tab""><!--category-tab-->
      <div class=""col-sm-12"">
       <ul class=""nav nav-tabs"">
        <li class=""active""><a href=""{{ site.url }}{{ page.url }}#keterangan"" data-toggle=""tab"" title=""Keterangan"">Keterangan</a></li>        
       </ul>
      </div>
      <div class=""tab-content"">
       <div class=""tab-pane fade active in"" id=""keterangan"" >
        <div class=""col-sm-12"">
         <h2>{{ page.product }}</h2>         
         <ol class=""breadcrumb"">
            <li class=""active"">Tag :</li>
            <li><a href=""{{ site.url }}/{{ page.jenis }}"" title=""{{ page.jenis }}"">{{ page.jenis }}</a></li>
            <li><a href=""{{ site.url }}/{{ page.brand }}"" title=""{{ page.brand }}"">{{ page.brand }}</a></li>  
         </ol>         
         <p>Sepatu Formil Pria - RBN 003 adalah salah satu produk merek Raindoz. Produk fashion handmade asal Bandung yang nyaman digunakan dan tidak pasaran. Cocok untuk Anda agar terlihat lebih gaya, tampil berbeda dan percaya diri. <br/>Kode : RBN 003<br/>Warna : HITAM<br/>Bahan : KULIT<br/>Ukuran : 38 ~ 43<br/>Berat : 1300 gram<br/>Info Lainnya = SOL : TPR<br/>Yuk dibeli kak sebelum kehabisan. Sebelum membeli, harap cek/konfirmasi stok dulu ya kak, karena perputaran barang sangat cepat.<br>
         </p>

         <p style=""background-color: #5cb85c; color: #ffffff; padding: 5px; text-align: justify; display: inline-block; box-shadow: 0 1px 3px rgba(0,0,0,0.12), 0 1px 2px rgba(0,0,0,0.24);"">
         Gudang : WRH-1<br>
         Lokasi : Bandung</p>

         {% include disqus.html %}
         
        </div>
       </div>       
       
      </div>
     </div><!--/category-tab-->",2019-01-17,html,sepatu-pantofel-pria,raindoz,sepatu-pantofel-pria,raindoz,"Sepatu Pantofel Pria Bahan KULIT, Warna HITAM, Size 38 ~ 43",https://images.lipatan.com/katalog-raindoz-2019/foto-produk-satuan/rbn-003.jpg,-/-,-/-,-/-,-/-,-/-,Sepatu Formil Pria - RBN 003,Rp 249.900,Rp 204.900,Rp 225.900,RBN 003,Baru
Jual Sepatu Formil Pria - RMP 096 Murah,rmp-096,"
     <div class=""product-details""><!--product-details-->
      <div class=""col-sm-5"">
       <div class=""view-product"">
        <img src=""{{ page.image }}"" alt=""{{ page.product }}"" title=""{{ page.product }}"" />
        <h3><a style=""text-decoration: none; color: #ffffff"" href=""{{ page.image }}"" target=""_blank"" title=""Klik disini untuk memperbesar"">ZOOM</a></h3>
       </div>
      </div>

      <div class=""col-sm-7"">
       <div class=""product-information""><!--/product-information-->
        <h1>{{ page.product }}</h1>
        <p>SKU: {{ page.sku }}</p>
        <img src=""{{ site.url }}/img/rating.png"" alt=""rating"" title=""rating"" /><br>
        <span>
         <span>{{ page.price }}</span>        
         <label>Beli:<a href=""{{ site.url }}/beli"" target=""_blank"" title=""Beli Sekarang"">
           <script type=""text/javascript"">
   <!--
   document.write(unescape('%3c%62%75%74%74%6f%6e%20%74%79%70%65%3d%22%62%75%74%74%6f%6e%22%20%63%6c%61%73%73%3d%22%62%74%6e%20%62%74%6e%2d%66%65%66%61%75%6c%74%20%63%61%72%74%22%3e%0d%0a%09%3c%69%20%63%6c%61%73%73%3d%22%66%61%20%66%61%2d%73%68%6f%70%70%69%6e%67%2d%63%61%72%74%22%3e%3c%2f%69%3e%0d%0a%09%42%65%6c%69%20%53%65%6b%61%72%61%6e%67%0d%0a%3c%2f%62%75%74%74%6f%6e%3e'));
   //-->
   </script>
          </a>
         </label>
        </span>
        {% include dropship-login.html %} 
        <p><b>Kondisi:</b> {{ page.kondisi }}</p>
        <p><b>Deskripsi:</b> {{ page.description }}</p>
        {% include shareit.html %}
       </div><!--/product-information-->
      </div>
     </div><!--/product-details-->
     
     <div class=""category-tab shop-details-tab""><!--category-tab-->
      <div class=""col-sm-12"">
       <ul class=""nav nav-tabs"">
        <li class=""active""><a href=""{{ site.url }}{{ page.url }}#keterangan"" data-toggle=""tab"" title=""Keterangan"">Keterangan</a></li>        
       </ul>
      </div>
      <div class=""tab-content"">
       <div class=""tab-pane fade active in"" id=""keterangan"" >
        <div class=""col-sm-12"">
         <h2>{{ page.product }}</h2>         
         <ol class=""breadcrumb"">
            <li class=""active"">Tag :</li>
            <li><a href=""{{ site.url }}/{{ page.jenis }}"" title=""{{ page.jenis }}"">{{ page.jenis }}</a></li>
            <li><a href=""{{ site.url }}/{{ page.brand }}"" title=""{{ page.brand }}"">{{ page.brand }}</a></li>  
         </ol>         
         <p>Sepatu Formil Pria - RMP 096 adalah salah satu produk merek Raindoz. Produk fashion handmade asal Bandung yang nyaman digunakan dan tidak pasaran. Cocok untuk Anda agar terlihat lebih gaya, tampil berbeda dan percaya diri. <br/>Kode : RMP 096<br/>Warna : HITAM<br/>Bahan : KULIT<br/>Ukuran : 38 ~ 43<br/>Berat : 1100 gram<br/>Info Lainnya = SOL : TPR<br/>Yuk dibeli kak sebelum kehabisan. Sebelum membeli, harap cek/konfirmasi stok dulu ya kak, karena perputaran barang sangat cepat.<br>
         </p>

         <p style=""background-color: #5cb85c; color: #ffffff; padding: 5px; text-align: justify; display: inline-block; box-shadow: 0 1px 3px rgba(0,0,0,0.12), 0 1px 2px rgba(0,0,0,0.24);"">
         Gudang : WRH-1<br>
         Lokasi : Bandung</p>

         {% include disqus.html %}
         
        </div>
       </div>       
       
      </div>
     </div><!--/category-tab-->",2019-01-17,html,sepatu-pantofel-pria,raindoz,sepatu-pantofel-pria,raindoz,"Sepatu Pantofel Pria Bahan KULIT, Warna HITAM, Size 38 ~ 43",https://images.lipatan.com/katalog-raindoz-2019/foto-produk-satuan/rmp-096.jpg,-/-,-/-,-/-,-/-,-/-,Sepatu Formil Pria - RMP 096,Rp 254.900,Rp 209.900,Rp 230.900,RMP 096,Baru
Jual Sepatu Formil Pria - RMP 172 Murah,rmp-172,"
     <div class=""product-details""><!--product-details-->
      <div class=""col-sm-5"">
       <div class=""view-product"">
        <img src=""{{ page.image }}"" alt=""{{ page.product }}"" title=""{{ page.product }}"" />
        <h3><a style=""text-decoration: none; color: #ffffff"" href=""{{ page.image }}"" target=""_blank"" title=""Klik disini untuk memperbesar"">ZOOM</a></h3>
       </div>
      </div>

      <div class=""col-sm-7"">
       <div class=""product-information""><!--/product-information-->
        <h1>{{ page.product }}</h1>
        <p>SKU: {{ page.sku }}</p>
        <img src=""{{ site.url }}/img/rating.png"" alt=""rating"" title=""rating"" /><br>
        <span>
         <span>{{ page.price }}</span>        
         <label>Beli:<a href=""{{ site.url }}/beli"" target=""_blank"" title=""Beli Sekarang"">
           <script type=""text/javascript"">
   <!--
   document.write(unescape('%3c%62%75%74%74%6f%6e%20%74%79%70%65%3d%22%62%75%74%74%6f%6e%22%20%63%6c%61%73%73%3d%22%62%74%6e%20%62%74%6e%2d%66%65%66%61%75%6c%74%20%63%61%72%74%22%3e%0d%0a%09%3c%69%20%63%6c%61%73%73%3d%22%66%61%20%66%61%2d%73%68%6f%70%70%69%6e%67%2d%63%61%72%74%22%3e%3c%2f%69%3e%0d%0a%09%42%65%6c%69%20%53%65%6b%61%72%61%6e%67%0d%0a%3c%2f%62%75%74%74%6f%6e%3e'));
   //-->
   </script>
          </a>
         </label>
        </span>
        {% include dropship-login.html %} 
        <p><b>Kondisi:</b> {{ page.kondisi }}</p>
        <p><b>Deskripsi:</b> {{ page.description }}</p>
        {% include shareit.html %}
       </div><!--/product-information-->
      </div>
     </div><!--/product-details-->
     
     <div class=""category-tab shop-details-tab""><!--category-tab-->
      <div class=""col-sm-12"">
       <ul class=""nav nav-tabs"">
        <li class=""active""><a href=""{{ site.url }}{{ page.url }}#keterangan"" data-toggle=""tab"" title=""Keterangan"">Keterangan</a></li>        
       </ul>
      </div>
      <div class=""tab-content"">
       <div class=""tab-pane fade active in"" id=""keterangan"" >
        <div class=""col-sm-12"">
         <h2>{{ page.product }}</h2>         
         <ol class=""breadcrumb"">
            <li class=""active"">Tag :</li>
            <li><a href=""{{ site.url }}/{{ page.jenis }}"" title=""{{ page.jenis }}"">{{ page.jenis }}</a></li>
            <li><a href=""{{ site.url }}/{{ page.brand }}"" title=""{{ page.brand }}"">{{ page.brand }}</a></li>  
         </ol>         
         <p>Sepatu Formil Pria - RMP 172 adalah salah satu produk merek Raindoz. Produk fashion handmade asal Bandung yang nyaman digunakan dan tidak pasaran. Cocok untuk Anda agar terlihat lebih gaya, tampil berbeda dan percaya diri. <br/>Kode : RMP 172<br/>Warna : HITAM<br/>Bahan : KULIT<br/>Ukuran : 38 ~ 43<br/>Berat : 1100 gram<br/>Info Lainnya = SOL : TPR<br/>Yuk dibeli kak sebelum kehabisan. Sebelum membeli, harap cek/konfirmasi stok dulu ya kak, karena perputaran barang sangat cepat.<br>
         </p>

         <p style=""background-color: #5cb85c; color: #ffffff; padding: 5px; text-align: justify; display: inline-block; box-shadow: 0 1px 3px rgba(0,0,0,0.12), 0 1px 2px rgba(0,0,0,0.24);"">
         Gudang : WRH-1<br>
         Lokasi : Bandung</p>

         {% include disqus.html %}
         
        </div>
       </div>       
       
      </div>
     </div><!--/category-tab-->",2019-01-17,html,sepatu-pantofel-pria,raindoz,sepatu-pantofel-pria,raindoz,"Sepatu Pantofel Pria Bahan KULIT, Warna HITAM, Size 38 ~ 43",https://images.lipatan.com/katalog-raindoz-2019/foto-produk-satuan/rmp-172.jpg,-/-,-/-,-/-,-/-,-/-,Sepatu Formil Pria - RMP 172,Rp 278.900,Rp 228.900,Rp 251.900,RMP 172,Baru
Jual Sepatu Formil Pria - RBN 007 Murah,rbn-007,"
     <div class=""product-details""><!--product-details-->
      <div class=""col-sm-5"">
       <div class=""view-product"">
        <img src=""{{ page.image }}"" alt=""{{ page.product }}"" title=""{{ page.product }}"" />
        <h3><a style=""text-decoration: none; color: #ffffff"" href=""{{ page.image }}"" target=""_blank"" title=""Klik disini untuk memperbesar"">ZOOM</a></h3>
       </div>
      </div>

      <div class=""col-sm-7"">
       <div class=""product-information""><!--/product-information-->
        <h1>{{ page.product }}</h1>
        <p>SKU: {{ page.sku }}</p>
        <img src=""{{ site.url }}/img/rating.png"" alt=""rating"" title=""rating"" /><br>
        <span>
         <span>{{ page.price }}</span>        
         <label>Beli:<a href=""{{ site.url }}/beli"" target=""_blank"" title=""Beli Sekarang"">
           <script type=""text/javascript"">
   <!--
   document.write(unescape('%3c%62%75%74%74%6f%6e%20%74%79%70%65%3d%22%62%75%74%74%6f%6e%22%20%63%6c%61%73%73%3d%22%62%74%6e%20%62%74%6e%2d%66%65%66%61%75%6c%74%20%63%61%72%74%22%3e%0d%0a%09%3c%69%20%63%6c%61%73%73%3d%22%66%61%20%66%61%2d%73%68%6f%70%70%69%6e%67%2d%63%61%72%74%22%3e%3c%2f%69%3e%0d%0a%09%42%65%6c%69%20%53%65%6b%61%72%61%6e%67%0d%0a%3c%2f%62%75%74%74%6f%6e%3e'));
   //-->
   </script>
          </a>
         </label>
        </span>
        {% include dropship-login.html %} 
        <p><b>Kondisi:</b> {{ page.kondisi }}</p>
        <p><b>Deskripsi:</b> {{ page.description }}</p>
        {% include shareit.html %}
       </div><!--/product-information-->
      </div>
     </div><!--/product-details-->
     
     <div class=""category-tab shop-details-tab""><!--category-tab-->
      <div class=""col-sm-12"">
       <ul class=""nav nav-tabs"">
        <li class=""active""><a href=""{{ site.url }}{{ page.url }}#keterangan"" data-toggle=""tab"" title=""Keterangan"">Keterangan</a></li>        
       </ul>
      </div>
      <div class=""tab-content"">
       <div class=""tab-pane fade active in"" id=""keterangan"" >
        <div class=""col-sm-12"">
         <h2>{{ page.product }}</h2>         
         <ol class=""breadcrumb"">
            <li class=""active"">Tag :</li>
            <li><a href=""{{ site.url }}/{{ page.jenis }}"" title=""{{ page.jenis }}"">{{ page.jenis }}</a></li>
            <li><a href=""{{ site.url }}/{{ page.brand }}"" title=""{{ page.brand }}"">{{ page.brand }}</a></li>  
         </ol>         
         <p>Sepatu Formil Pria - RBN 007 adalah salah satu produk merek Raindoz. Produk fashion handmade asal Bandung yang nyaman digunakan dan tidak pasaran. Cocok untuk Anda agar terlihat lebih gaya, tampil berbeda dan percaya diri. <br/>Kode : RBN 007<br/>Warna : HITAM<br/>Bahan : KULIT<br/>Ukuran : 38 ~ 43<br/>Berat : 1200 gram<br/>Info Lainnya = SOL : TPR<br/>Yuk dibeli kak sebelum kehabisan. Sebelum membeli, harap cek/konfirmasi stok dulu ya kak, karena perputaran barang sangat cepat.<br>
         </p>

         <p style=""background-color: #5cb85c; color: #ffffff; padding: 5px; text-align: justify; display: inline-block; box-shadow: 0 1px 3px rgba(0,0,0,0.12), 0 1px 2px rgba(0,0,0,0.24);"">
         Gudang : WRH-1<br>
         Lokasi : Bandung</p>

         {% include disqus.html %}
         
        </div>
       </div>       
       
      </div>
     </div><!--/category-tab-->",2019-01-17,html,sepatu-pantofel-pria,raindoz,sepatu-pantofel-pria,raindoz,"Sepatu Pantofel Pria Bahan KULIT, Warna HITAM, Size 38 ~ 43",https://images.lipatan.com/katalog-raindoz-2019/foto-produk-satuan/rbn-007.jpg,-/-,-/-,-/-,-/-,-/-,Sepatu Formil Pria - RBN 007,Rp 249.900,Rp 204.900,Rp 225.900,RBN 007,Baru
